{"epoch":1,"_timestamp":1.7545141513617384e+09,"_step":8,"val/roc_auc_fold_0":0.510869562625885,"val/weighted_accuracy_fold_0":0.510869562625885,"train/lr_fold_0":0.00045583447454046726,"val/accuracy_fold_0":0.5208333134651184,"_runtime":14.9221974,"train/roc_auc_fold_0":0.8105739740032131,"test/roc_curve_fold_0":{"size":28960,"path":"media/images/test/roc_curve_fold_0_8_9f2624137f03ea0f993e.png","format":"png","width":640,"height":480,"_type":"image-file","sha256":"9f2624137f03ea0f993e96759f2203ae39107eeb3872b187da0431d1fc1d186d"},"_wandb":{"runtime":14},"train/loss_fold_0":0.8449742335539597}