{"test/roc_curve_fold_2":{"size":29798,"path":"media/images/test/roc_curve_fold_2_8_7c7d4c00cb382b70bbd3.png","format":"png","width":640,"height":480,"_type":"image-file","sha256":"7c7d4c00cb382b70bbd3e89e88915b1fda3af434695591a2dbef16e779da898d"},"train/loss_fold_2":0.8477906378415915,"_runtime":16.9830311,"epoch":1,"_timestamp":1.7545143951132782e+09,"_step":8,"train/roc_auc_fold_2":0.6448643410852714,"train/lr_fold_2":0.00045583447454046726,"val/accuracy_fold_2":0.8333333134651184,"_wandb":{"runtime":16},"val/roc_auc_fold_2":0.43437498807907104,"val/weighted_accuracy_fold_2":0.5}