{"test/roc_curve_fold_1":{"sha256":"0363e8ade26f437c72215d83a165c8661d1349e9d5a397c7ebbb88f5f0e8d22d","size":29275,"path":"media/images/test/roc_curve_fold_1_8_0363e8ade26f437c7221.png","format":"png","width":640,"height":480,"_type":"image-file"},"train/lr_fold_1":0.00045583447454046726,"val/weighted_accuracy_fold_1":0.7973684072494507,"_runtime":19.4274242,"_step":8,"train/roc_auc_fold_1":0.8040906017579446,"_wandb":{"runtime":19},"epoch":1,"val/roc_auc_fold_1":0.9368420839309692,"train/loss_fold_1":0.7194629105237814,"val/accuracy_fold_1":0.8541666865348816,"_timestamp":1.7545154577669342e+09}