{"val/roc_auc_fold_4":0.6341463923454285,"test/roc_curve_fold_4":{"path":"media/images/test/roc_curve_fold_4_8_d4e34f0dde681e533507.png","format":"png","width":640,"height":480,"_type":"image-file","sha256":"d4e34f0dde681e533507698f42963c25f8da66fc80ecab2cb51cff76dc68f348","size":29271},"train/loss_fold_4":0.7414007576612326,"train/roc_auc_fold_4":0.82421875,"val/weighted_accuracy_fold_4":0.5452961921691895,"_step":8,"_runtime":15.4452997,"val/accuracy_fold_4":0.7291666865348816,"epoch":1,"train/lr_fold_4":0.00045583447454046726,"_wandb":{"runtime":15},"_timestamp":1.7545155092943432e+09}