{"val/accuracy_fold_0":0.0416666679084301,"train/loss_fold_0":0.9359777248822726,"train/lr_fold_0":0.00045583447454046726,"val/roc_auc_fold_0":0.09782606363296509,"val/weighted_accuracy_fold_0":0.5,"epoch":1,"test/roc_curve_fold_0":{"sha256":"270b505ac169857d182cd3a1ba5cd45f6b217190af5f9799133187cb61afcc8d","size":29445,"path":"media/images/test/roc_curve_fold_0_8_270b505ac169857d182c.png","format":"png","width":640,"height":480,"_type":"image-file"},"_runtime":19.3710278,"_step":8,"_wandb":{"runtime":19},"_timestamp":1.754514359037895e+09,"train/roc_auc_fold_0":0.5165766028917774}