{"train/lr_fold_1":0.00045583447454046726,"train/loss_fold_1":0.7753462562194238,"_runtime":14.3336111,"train/roc_auc_fold_1":0.7079107505070994,"val/roc_auc_fold_1":0.9684210419654846,"_wandb":{"runtime":14},"_step":8,"val/weighted_accuracy_fold_1":0.5,"epoch":1,"_timestamp":1.754514167150264e+09,"test/roc_curve_fold_1":{"_type":"image-file","sha256":"5e9b0414cee988dd45a1ba4df10e9d320ec4e793b64ea2bb401f2ad75b45de40","size":29562,"path":"media/images/test/roc_curve_fold_1_8_5e9b0414cee988dd45a1.png","format":"png","width":640,"height":480},"val/accuracy_fold_1":0.7916666865348816}