{"train/lr_fold_4":0.00045583447454046726,"val/roc_auc_fold_4":0.3484320640563965,"epoch":1,"_step":8,"train/loss_fold_4":0.8719042126949017,"val/weighted_accuracy_fold_4":0.5,"_runtime":15.1500136,"test/roc_curve_fold_4":{"path":"media/images/test/roc_curve_fold_4_8_9ab475efa8432a833594.png","format":"png","width":640,"height":480,"_type":"image-file","sha256":"9ab475efa8432a833594cf182e74e3f6071dbf2fb6e0551afbce76cd7698c661","size":29912},"_timestamp":1.7545144284072506e+09,"train/roc_auc_fold_4":0.3203125,"val/accuracy_fold_4":0.8541666865348816,"_wandb":{"runtime":15}}