{"epoch":1,"_wandb":{"runtime":16},"train/lr_fold_0":0.00045583447454046726,"val/weighted_accuracy_fold_0":0.31521740555763245,"test/roc_curve_fold_0":{"_type":"image-file","sha256":"0c7c231a7e21da9cc7e3488f1285baf78cc1ae5b400bd32ca329b6a53b1ebc09","size":29265,"path":"media/images/test/roc_curve_fold_0_8_0c7c231a7e21da9cc7e3.png","format":"png","width":640,"height":480},"_runtime":16.900462,"train/loss_fold_0":0.7964657728488629,"val/roc_auc_fold_0":0.5869565010070801,"train/roc_auc_fold_0":0.842704834233971,"_timestamp":1.7545154367315588e+09,"_step":8,"val/accuracy_fold_0":0.6041666865348816}