{"train/loss_fold_3":0.7259965414802233,"train/roc_auc_fold_3":0.7438271604938271,"train/lr_fold_3":0.00045611948406119293,"test/roc_curve_fold_3":{"sha256":"50c5315bdb00cf3a8b679bec294dd7cebc784c5ac54002eed681e833cba1f978","size":29446,"path":"media/images/test/roc_curve_fold_3_8_50c5315bdb00cf3a8b67.png","format":"png","width":640,"height":480,"_type":"image-file"},"_runtime":13.4450875,"val/weighted_accuracy_fold_3":0.58681321144104,"_step":8,"_wandb":{"runtime":13},"_timestamp":1.7545141980515115e+09,"val/roc_auc_fold_3":0.8659340739250183,"epoch":1,"val/accuracy_fold_3":0.75}