{"val/weighted_accuracy_fold_2":0.612500011920929,"train/loss_fold_2":0.6292674885346339,"train/lr_fold_2":0.00045583447454046726,"test/roc_curve_fold_2":{"path":"media/images/test/roc_curve_fold_2_8_a0fedd74bcaeb9331258.png","format":"png","width":640,"height":480,"_type":"image-file","sha256":"a0fedd74bcaeb9331258630b98e768a850f237018f51dba2b5f493a4bb1b0ab7","size":29274},"_runtime":16.670734500000002,"_timestamp":1.7545154760349634e+09,"val/roc_auc_fold_2":0.643750011920929,"_wandb":{"runtime":16},"_step":8,"train/roc_auc_fold_2":0.8645025839793282,"val/accuracy_fold_2":0.7708333134651184,"epoch":1}