{"val/roc_auc_fold_3":0.8703296780586243,"_wandb":{"runtime":14},"test/roc_curve_fold_3":{"sha256":"d29f921fac4158a3f810eb37b52f6b1066e73fdbc059e663ab78badafaf1c92c","size":29334,"path":"media/images/test/roc_curve_fold_3_8_d29f921fac4158a3f810.png","format":"png","width":640,"height":480,"_type":"image-file"},"_timestamp":1.7545154923026788e+09,"train/lr_fold_3":0.00045611948406119293,"epoch":1,"_runtime":14.6747517,"train/roc_auc_fold_3":0.8310699588477366,"val/accuracy_fold_3":0.8125,"_step":8,"train/loss_fold_3":0.6621782208482424,"val/weighted_accuracy_fold_3":0.6538461446762085}