{"val/accuracy_fold_2":0.8125,"_wandb":{"runtime":14},"epoch":1,"_timestamp":1.754514183152174e+09,"_step":8,"train/lr_fold_2":0.00045583447454046726,"train/roc_auc_fold_2":0.7540374677002584,"val/roc_auc_fold_2":0.4312499761581421,"_runtime":14.5150681,"train/loss_fold_2":0.6502754092216492,"test/roc_curve_fold_2":{"size":29602,"path":"media/images/test/roc_curve_fold_2_8_1069399d357845f6e34d.png","format":"png","width":640,"height":480,"_type":"image-file","sha256":"1069399d357845f6e34d62618896c26d960cdf4ea4796ff59334dcaa9c94a3d3"},"val/weighted_accuracy_fold_2":0.48750001192092896}