{"train/loss_fold_1":0.7986040780177484,"epoch":1,"val/accuracy_fold_1":0.7916666865348816,"_wandb":{"runtime":16},"val/weighted_accuracy_fold_1":0.5,"test/roc_curve_fold_1":{"size":29134,"path":"media/images/test/roc_curve_fold_1_8_c5aa44b57d0690edc103.png","format":"png","width":640,"height":480,"_type":"image-file","sha256":"c5aa44b57d0690edc103171839c15d3638f56dbdfab552dc29b18cabde7f7487"},"_timestamp":1.754514376672222e+09,"_step":8,"train/lr_fold_1":0.00045583447454046726,"train/roc_auc_fold_1":0.3204868154158215,"val/roc_auc_fold_1":0.23947368562221527,"_runtime":16.203262}