{"_timestamp":1.7545144117462475e+09,"val/weighted_accuracy_fold_3":0.5,"epoch":1,"train/roc_auc_fold_3":0.5618312757201646,"train/lr_fold_3":0.00045611948406119293,"test/roc_curve_fold_3":{"_type":"image-file","sha256":"d2f13b815cc89d119b6c096e1e3b5a7af0a0fbdbe53ba193691a74c57a9272cf","size":29191,"path":"media/images/test/roc_curve_fold_3_8_d2f13b815cc89d119b6c.png","format":"png","width":640,"height":480},"_wandb":{"runtime":15},"_runtime":15.1830075,"val/accuracy_fold_3":0.7291666865348816,"train/loss_fold_3":0.8112568308909734,"_step":8,"val/roc_auc_fold_3":0.19999998807907104}