{"val/weighted_accuracy_fold_4":0.5,"train/loss_fold_4":0.7486667655981504,"_step":8,"epoch":1,"_timestamp":1.7545142137804315e+09,"test/roc_curve_fold_4":{"_type":"image-file","sha256":"4b7609ee617f7e5ae9c00840cd35ac17f8521cc2ef0bcfa45d80431c30e9b753","size":29230,"path":"media/images/test/roc_curve_fold_4_8_4b7609ee617f7e5ae9c0.png","format":"png","width":640,"height":480},"_wandb":{"runtime":14},"train/roc_auc_fold_4":0.7517755681818182,"_runtime":14.1804136,"val/roc_auc_fold_4":0.7386759519577026,"train/lr_fold_4":0.00045583447454046726,"val/accuracy_fold_4":0.8541666865348816}